-- phpMyAdmin SQL Dump
-- version 4.5.2
-- http://www.phpmyadmin.net
--
-- Host: localhost
-- Generation Time: Oct 19, 2016 at 09:28 PM
-- Server version: 10.1.13-MariaDB
-- PHP Version: 5.6.21

SET SQL_MODE = "NO_AUTO_VALUE_ON_ZERO";
SET time_zone = "+00:00";


/*!40101 SET @OLD_CHARACTER_SET_CLIENT=@@CHARACTER_SET_CLIENT */;
/*!40101 SET @OLD_CHARACTER_SET_RESULTS=@@CHARACTER_SET_RESULTS */;
/*!40101 SET @OLD_COLLATION_CONNECTION=@@COLLATION_CONNECTION */;
/*!40101 SET NAMES utf8mb4 */;

--
-- Database: `response_p13acc`
--

-- --------------------------------------------------------

--
-- Table structure for table `migrations`
--

CREATE TABLE `migrations` (
  `migration` varchar(255) COLLATE utf8_unicode_ci NOT NULL,
  `batch` int(11) NOT NULL
) ENGINE=InnoDB DEFAULT CHARSET=utf8 COLLATE=utf8_unicode_ci;

--
-- Dumping data for table `migrations`
--

INSERT INTO `migrations` (`migration`, `batch`) VALUES
('2014_10_12_000000_create_users_table', 1),
('2014_10_12_100000_create_password_resets_table', 1),
('2016_05_24_155055_create_organizations_table', 1),
('2016_05_27_161811_create_roles_table', 1),
('2016_06_01_122759_add_fields_to_users_table', 2),
('2016_06_01_135502_add_org_id_to_users_table', 3),
('2016_06_03_202646_create_settings_table', 4),
('2016_06_07_153616_create_project13s_table', 5);

-- --------------------------------------------------------

--
-- Table structure for table `organizations`
--

CREATE TABLE `organizations` (
  `id` int(10) UNSIGNED NOT NULL,
  `name` varchar(255) COLLATE utf8_unicode_ci NOT NULL,
  `address1` varchar(128) COLLATE utf8_unicode_ci NOT NULL,
  `address2` varchar(128) COLLATE utf8_unicode_ci NOT NULL,
  `city` varchar(128) COLLATE utf8_unicode_ci NOT NULL,
  `state` varchar(3) COLLATE utf8_unicode_ci NOT NULL,
  `zipcode` varchar(32) COLLATE utf8_unicode_ci NOT NULL,
  `main_phone` varchar(32) COLLATE utf8_unicode_ci NOT NULL,
  `alt_phone` varchar(32) COLLATE utf8_unicode_ci NOT NULL,
  `created_at` timestamp NULL DEFAULT NULL,
  `updated_at` timestamp NULL DEFAULT NULL
) ENGINE=InnoDB DEFAULT CHARSET=utf8 COLLATE=utf8_unicode_ci;

--
-- Dumping data for table `organizations`
--

INSERT INTO `organizations` (`id`, `name`, `address1`, `address2`, `city`, `state`, `zipcode`, `main_phone`, `alt_phone`, `created_at`, `updated_at`) VALUES
(1, 'Mustang Creek', '13401 FM 544', '', 'Forney', 'TX', '75102', '214-555-1212', '', '2016-05-27 23:53:53', '2016-06-07 19:44:42'),
(2, 'Gracehill Community Church', '5413 Ferndale', '', 'Dallas', 'TX', '75231', '214-555-2121', '', '2016-05-27 23:57:06', '2016-05-27 23:57:06'),
(3, 'Brakus-Roob', '1006 Ledner Key', '', 'South Ceciltown', 'TX', '85340-1207', '994-628-2823 x62159', '', '2016-06-12 06:54:07', '2016-06-12 06:54:07'),
(4, 'Pacocha Group', '992 Jewel Street', '', 'Nolanview', 'TX', '13878', '+1 (451) 320-7233', '', '2016-06-12 06:54:07', '2016-06-12 06:54:07'),
(5, 'Kirlin Inc', '1607 Schoen Keys Suite 537', '', 'Kirlinberg', 'TX', '83795', '+1-724-377-9276', '', '2016-06-12 06:54:07', '2016-06-12 06:54:07'),
(6, 'Anderson Ltd', '4826 Herman Drive Apt. 809', '', 'South Gilbertoburgh', 'TX', '83971', '+1.397.319.9907', '', '2016-06-12 06:54:08', '2016-06-12 06:54:08'),
(7, 'Wyman Ltd', '198 Daphne Squares Apt. 225', '', 'East Brayan', 'TX', '29443-2954', '524.800.1154', '', '2016-06-12 06:54:08', '2016-06-12 06:54:08'),
(8, 'Graham, Adams and Quigley', '171 Schowalter Route', '', 'Port Jordybury', 'TX', '52355', '745.850.3838', '', '2016-06-12 06:54:08', '2016-06-12 06:54:08'),
(9, 'Parker-Koelpin', '472 Rahsaan Flats', '', 'Ritchiemouth', 'TX', '57899', '(936) 660-0941', '', '2016-06-12 06:54:08', '2016-06-12 06:54:08'),
(10, 'Nitzsche, West and Kilback', '73312 Gibson Inlet', '', 'Veumtown', 'TX', '70840', '269.505.9521 x1195', '', '2016-06-12 06:54:08', '2016-06-12 06:54:08'),
(11, 'Gottlieb, Marvin and Gerlach', '59118 Ivy Mill', '', 'East Kendrick', 'TX', '43839', '+15297572292', '', '2016-06-12 06:54:08', '2016-06-12 06:54:08'),
(12, 'Smitham-Blanda', '2990 Kessler Estates', '', 'North Tavaresview', 'TX', '61618-7722', '520-924-6265', '', '2016-06-12 06:54:08', '2016-06-12 06:54:08');

-- --------------------------------------------------------

--
-- Table structure for table `password_resets`
--

CREATE TABLE `password_resets` (
  `email` varchar(255) COLLATE utf8_unicode_ci NOT NULL,
  `token` varchar(255) COLLATE utf8_unicode_ci NOT NULL,
  `created_at` timestamp NOT NULL DEFAULT CURRENT_TIMESTAMP ON UPDATE CURRENT_TIMESTAMP
) ENGINE=InnoDB DEFAULT CHARSET=utf8 COLLATE=utf8_unicode_ci;

-- --------------------------------------------------------

--
-- Table structure for table `project13s`
--

CREATE TABLE `project13s` (
  `id` int(10) UNSIGNED NOT NULL,
  `organization_id` int(10) UNSIGNED NOT NULL,
  `ordinal_id` int(10) UNSIGNED NOT NULL,
  `org_admin_id` int(10) UNSIGNED NOT NULL,
  `created_at` timestamp NULL DEFAULT NULL,
  `updated_at` timestamp NULL DEFAULT NULL
) ENGINE=InnoDB DEFAULT CHARSET=utf8 COLLATE=utf8_unicode_ci;

-- --------------------------------------------------------

--
-- Table structure for table `roles`
--

CREATE TABLE `roles` (
  `id` int(10) UNSIGNED NOT NULL,
  `role` varchar(128) COLLATE utf8_unicode_ci NOT NULL,
  `created_at` timestamp NULL DEFAULT NULL,
  `updated_at` timestamp NULL DEFAULT NULL
) ENGINE=InnoDB DEFAULT CHARSET=utf8 COLLATE=utf8_unicode_ci;

--
-- Dumping data for table `roles`
--

INSERT INTO `roles` (`id`, `role`, `created_at`, `updated_at`) VALUES
(0, '[Unassigned]', NULL, NULL),
(1, 'District Administrator', NULL, NULL),
(2, 'Organization Administrator', NULL, NULL),
(3, 'Black Hat', NULL, NULL),
(4, 'White Hat', NULL, NULL),
(5, 'Blue Hat', NULL, NULL),
(6, 'Yellow Hat', NULL, NULL);

-- --------------------------------------------------------

--
-- Table structure for table `settings`
--

CREATE TABLE `settings` (
  `id` int(10) UNSIGNED NOT NULL,
  `next_user_id` int(10) UNSIGNED NOT NULL,
  `created_at` timestamp NULL DEFAULT NULL,
  `updated_at` timestamp NULL DEFAULT NULL
) ENGINE=InnoDB DEFAULT CHARSET=utf8 COLLATE=utf8_unicode_ci;

--
-- Dumping data for table `settings`
--

INSERT INTO `settings` (`id`, `next_user_id`, `created_at`, `updated_at`) VALUES
(1, 3, '2016-06-04 02:11:46', '2016-06-04 02:16:06');

-- --------------------------------------------------------

--
-- Table structure for table `states`
--

CREATE TABLE `states` (
  `id` int(11) DEFAULT NULL,
  `name` varchar(255) DEFAULT NULL,
  `abbreviation` varchar(255) DEFAULT NULL
) ENGINE=InnoDB DEFAULT CHARSET=latin1;

--
-- Dumping data for table `states`
--

INSERT INTO `states` (`id`, `name`, `abbreviation`) VALUES
(1, 'Alabama', 'AL'),
(2, 'Alaska', 'AK'),
(3, 'Arizona', 'AZ'),
(4, 'Arkansas', 'AR'),
(5, 'California', 'CA'),
(6, 'Colorado', 'CO'),
(7, 'Connecticut', 'CT'),
(8, 'Delaware', 'DE'),
(9, 'Florida', 'FL'),
(10, 'Georgia', 'GA'),
(11, 'Hawaii', 'HI'),
(12, 'Idaho', 'ID'),
(13, 'Illinois', 'IL'),
(14, 'Indiana', 'IN'),
(15, 'Iowa', 'IA'),
(16, 'Kansas', 'KS'),
(17, 'Kentucky', 'KY'),
(18, 'Louisiana', 'LA'),
(19, 'Maine', 'ME'),
(20, 'Maryland', 'MD'),
(21, 'Massachusetts', 'MA'),
(22, 'Michigan', 'MI'),
(23, 'Minnesota', 'MN'),
(24, 'Mississippi', 'MS'),
(25, 'Missouri', 'MO'),
(26, 'Montana', 'MT'),
(27, 'Nebraska', 'NE'),
(28, 'Nevada', 'NV'),
(29, 'New Hampshire', 'NH'),
(30, 'New Jersey', 'NJ'),
(31, 'New Mexico', 'NM'),
(32, 'New York', 'NY'),
(33, 'North Carolina', 'NC'),
(34, 'North Dakota', 'ND'),
(35, 'Ohio', 'OH'),
(36, 'Oklahoma', 'OK'),
(37, 'Oregon', 'OR'),
(38, 'Pennsylvania', 'PA'),
(39, 'Rhode Island', 'RI'),
(40, 'South Carolina', 'SC'),
(41, 'South Dakota', 'SD'),
(42, 'Tennessee', 'TN'),
(43, 'Texas', 'TX'),
(44, 'Utah', 'UT'),
(45, 'Vermont', 'VT'),
(46, 'Virginia', 'VA'),
(47, 'Washington', 'WA'),
(48, 'West Virginia', 'WV'),
(49, 'Wisconsin', 'WI'),
(50, 'Wyoming', 'WY'),
(51, 'Washington DC', 'DC'),
(84, 'Armed Forces Americas', 'AA'),
(85, 'Armed Forces Europe', 'AE'),
(86, 'Armed Forces Pacific', 'AP');

-- --------------------------------------------------------

--
-- Table structure for table `users`
--

CREATE TABLE `users` (
  `id` int(10) UNSIGNED NOT NULL,
  `username` varchar(255) COLLATE utf8_unicode_ci NOT NULL,
  `email` varchar(255) COLLATE utf8_unicode_ci NOT NULL,
  `password` varchar(255) COLLATE utf8_unicode_ci NOT NULL,
  `remember_token` varchar(100) COLLATE utf8_unicode_ci DEFAULT NULL,
  `created_at` timestamp NULL DEFAULT NULL,
  `updated_at` timestamp NULL DEFAULT NULL,
  `role_id` int(10) UNSIGNED NOT NULL,
  `first_name` varchar(32) COLLATE utf8_unicode_ci NOT NULL,
  `last_name` varchar(32) COLLATE utf8_unicode_ci NOT NULL,
  `phone` varchar(16) COLLATE utf8_unicode_ci NOT NULL,
  `organization_id` int(10) UNSIGNED NOT NULL,
  `project13_id` int(10) UNSIGNED DEFAULT NULL
) ENGINE=InnoDB DEFAULT CHARSET=utf8 COLLATE=utf8_unicode_ci;

--
-- Dumping data for table `users`
--

INSERT INTO `users` (`id`, `username`, `email`, `password`, `remember_token`, `created_at`, `updated_at`, `role_id`, `first_name`, `last_name`, `phone`, `organization_id`, `project13_id`) VALUES
(2, 'beatty.april', 'morar.john@mcdermott.com', 'Yu:0oE/1T?<P&F5', NULL, '2016-06-17 17:21:37', '2016-06-17 17:21:37', 0, 'Agustin', 'Cassin', '1-238-991-5333 x', 1, NULL),
(3, 'eliseo.gibson', 'steve24@walker.com', 'ylL)_iZ&_~Q.w48}?=&n', NULL, '2016-06-17 17:21:37', '2016-06-17 17:21:37', 0, 'Manuela', 'Crooks', '479.579.9802 x40', 2, NULL),
(4, 'dbednar', 'lprosacco@gmail.com', '9M^hD7h''%e9hd', NULL, '2016-06-17 17:21:37', '2016-06-17 17:21:37', 0, 'Eric', 'Anderson', '1-248-858-9243', 3, NULL),
(5, 'loren45', 'ryann.nicolas@streich.biz', '0xZ*5#LI,?gv', NULL, '2016-06-17 17:21:37', '2016-06-17 17:21:37', 0, 'Raoul', 'Rosenbaum', '+1-372-744-6549', 4, NULL),
(6, 'matteo.baumbach', 'morissette.dagmar@gmail.com', 'D:BO''+~i4', NULL, '2016-06-17 17:21:37', '2016-06-17 17:21:37', 0, 'Jamir', 'Doyle', '1-659-468-0304 x', 5, NULL),
(7, 'pierre.cartwright', 'west.callie@yahoo.com', 'c:q)!lf{$', NULL, '2016-06-17 17:21:37', '2016-06-17 17:21:37', 0, 'Lucius', 'Beier', '+1 (448) 481-626', 6, NULL),
(8, 'jasmin.wisoky', 'ltorphy@boyle.com', 'BBnH7DB1-''a8QL', NULL, '2016-06-17 17:21:37', '2016-06-17 17:21:37', 0, 'Eddie', 'Schmitt', '(914) 349-6590 x', 7, NULL),
(9, 'pparker', 'ostreich@gmail.com', ':BM73B-Ji/', NULL, '2016-06-17 17:21:37', '2016-06-17 17:21:37', 0, 'Blair', 'Lockman', '1-965-917-8321 x', 8, NULL),
(10, 'randal.rogahn', 'west.guillermo@gmail.com', 'UyFQSe80', NULL, '2016-06-17 17:21:37', '2016-06-17 17:21:37', 0, 'Donny', 'Nicolas', '(641) 844-1679', 9, NULL),
(11, 'parisian.rhianna', 'lgulgowski@walsh.info', '|9GW4S8P_QI@', NULL, '2016-06-17 17:21:37', '2016-06-17 17:21:37', 0, 'Ari', 'Spinka', '+18418969228', 10, NULL),
(12, 'oberbrunner.aliza', 'carleton60@gmail.com', '&,zDKS#iBm\\uRt;7d', NULL, '2016-06-17 17:21:37', '2016-06-17 17:21:37', 0, 'Kaleb', 'Aufderhar', '976-254-6870 x99', 11, NULL),
(13, 'parker.milo', 'dietrich.layne@hotmail.com', 'kJ$If9u!Bk', NULL, '2016-06-17 17:21:38', '2016-06-17 17:21:38', 0, 'Chance', 'Jenkins', '517-697-3270 x14', 12, NULL),
(14, 'fprosacco', 'autumn89@gmail.com', '6dlq>Z~,<a', NULL, '2016-06-17 17:21:38', '2016-06-17 17:21:38', 0, 'Jaylan', 'Nienow', '(296) 810-8092 x', 1, NULL),
(15, 'amaya02', 'abins@klein.com', 'o&I)''LpGQ95x)', NULL, '2016-06-17 17:21:38', '2016-06-17 17:21:38', 0, 'Kody', 'Schulist', '418.693.4921 x72', 2, NULL),
(16, 'karelle59', 'kschimmel@yahoo.com', 'ke8@}s&(}', NULL, '2016-06-17 17:21:38', '2016-06-17 17:21:38', 0, 'Anderson', 'Rosenbaum', '+1-412-760-3176', 3, NULL),
(17, 'edna75', 'runolfsdottir.leda@hotmail.com', 'j''_5JvH:%', NULL, '2016-06-17 17:21:38', '2016-06-17 17:21:38', 0, 'Cordell', 'Hane', '1-384-623-9365', 4, NULL),
(18, 'jairo.connelly', 'satterfield.merl@harvey.com', '1(C<7l?9', NULL, '2016-06-17 17:21:38', '2016-06-17 17:21:38', 0, 'Leo', 'Champlin', '986-369-8786', 5, NULL),
(19, 'fletcher.hoppe', 'mlittle@yahoo.com', '-+"JlE]zh', NULL, '2016-06-17 17:21:38', '2016-06-17 17:21:38', 0, 'Abdullah', 'Feest', '881.428.4010 x74', 6, NULL),
(20, 'hermiston.declan', 'jonathon.bradtke@oconner.com', '^=a;m-2t', NULL, '2016-06-17 17:21:38', '2016-06-17 17:21:38', 0, 'Brian', 'Bashirian', '814.904.2212 x90', 7, NULL),
(21, 'alessandro57', 'chad.medhurst@gmail.com', 'Bd!S5k:nE0_f[Za%', NULL, '2016-06-17 17:21:38', '2016-06-17 17:21:38', 0, 'Curt', 'Metz', '926.461.0607', 8, NULL),
(22, 'bkuvalis', 'memmerich@gmail.com', '#M"NBG', NULL, '2016-06-17 17:21:38', '2016-06-17 17:21:38', 0, 'Matt', 'Dicki', '+1-647-488-2987', 9, NULL),
(23, 'kaitlyn.haley', 'qeichmann@yahoo.com', 'i#u?.Nc1qH1j.w', NULL, '2016-06-17 17:21:38', '2016-06-17 17:21:38', 0, 'Evert', 'Welch', '+1.941.309.8825', 10, NULL),
(24, 'florian.farrell', 'raltenwerth@gorczany.com', ']v>G$>"&WZy$!V\\#fo', NULL, '2016-06-17 17:21:38', '2016-06-17 17:21:38', 0, 'Milo', 'Gutkowski', '+1-739-251-7930', 11, NULL),
(25, 'javonte.glover', 'trudie10@ernser.info', 'ljAS''46x#H>Q(y5,L', NULL, '2016-06-17 17:21:38', '2016-06-17 17:21:38', 0, 'Tyshawn', 'Schinner', '+1 (975) 995-838', 12, NULL),
(26, 'bkunze', 'jherzog@gmail.com', '#w-Ph!WobO1N4+m', NULL, '2016-06-17 17:21:38', '2016-06-17 17:21:38', 0, 'Avery', 'Reichert', '979.845.0544 x54', 1, NULL),
(27, 'ufeil', 'laverna86@tillman.com', ')[Y<oZ2Xc(u4', NULL, '2016-06-17 17:21:38', '2016-06-17 17:21:38', 0, 'Zachary', 'O''Conner', '(998) 956-9958', 2, NULL),
(28, 'anjali.renner', 'akoepp@metz.net', 'D:^JbkLoE4|RIM3', NULL, '2016-06-17 17:21:38', '2016-06-17 17:21:38', 0, 'Bruce', 'Wunsch', '+1-221-876-3899', 3, NULL),
(29, 'xcassin', 'njacobson@hotmail.com', '5Z`>R^HzaYVwcwk', NULL, '2016-06-17 17:21:38', '2016-06-17 17:21:38', 0, 'Rigoberto', 'Wolf', '(321) 287-6810 x', 4, NULL),
(30, 'kkutch', 'mossie51@walsh.com', '@ESu8iX|.c5}:M,', NULL, '2016-06-17 17:21:39', '2016-06-17 17:21:39', 0, 'Deion', 'Lubowitz', '1-298-339-7075', 5, NULL),
(31, 'harber.amalia', 'ocarroll@miller.info', '+O)`C5:vfE)Wbha*', NULL, '2016-06-17 17:21:39', '2016-06-17 17:21:39', 0, 'Vidal', 'Powlowski', '1-301-795-3829', 6, NULL),
(32, 'raymundo.oreilly', 'stiedemann.meredith@king.info', '}@W.28LZH;tae', NULL, '2016-06-17 17:21:39', '2016-06-17 17:21:39', 0, 'Raymundo', 'Cummerata', '540.241.3822', 7, NULL),
(33, 'shayne25', 'christine.thompson@yahoo.com', 'Dj#P/sI}', NULL, '2016-06-17 17:21:39', '2016-06-17 17:21:39', 0, 'Mathew', 'Wiza', '795.565.3713', 8, NULL),
(34, 'frankie86', 'carter.cleveland@barton.com', 'kWR;$|}6MJOJs', NULL, '2016-06-17 17:21:39', '2016-06-17 17:21:39', 0, 'Dino', 'Watsica', '529.261.1858 x55', 9, NULL),
(35, 'wehner.ivy', 'omosciski@yahoo.com', 'HNx<7yHZc<*\\q"#C4;r', NULL, '2016-06-17 17:21:39', '2016-06-17 17:21:39', 0, 'Bertha', 'Beatty', '+13042743277', 10, NULL),
(36, 'kerluke.jamir', 'raheem65@olson.net', 'w]_#!#', NULL, '2016-06-17 17:21:39', '2016-06-17 17:21:39', 0, 'Ralph', 'Mitchell', '+1.216.834.3845', 11, NULL),
(37, 'keara90', 'cleffler@flatley.com', '?<%CQ65$d[', NULL, '2016-06-17 17:21:39', '2016-06-17 17:21:39', 0, 'Cedrick', 'Hodkiewicz', '1-723-432-6682', 12, NULL),
(38, 'ggislason', 'margret.lockman@yahoo.com', 'n<#)01WH/a4RMK%Ph<', NULL, '2016-06-17 17:21:39', '2016-06-17 17:21:39', 0, 'Mathew', 'Price', '(426) 731-3251 x', 1, NULL),
(39, 'hboyer', 'collier.reba@gmail.com', 'yk5^1Ka_Q5eK1', NULL, '2016-06-17 17:21:39', '2016-06-17 17:21:39', 0, 'Kelvin', 'Lesch', '+1-752-519-7500', 2, NULL),
(40, 'legros.myriam', 'dejah42@ritchie.com', '0=p3!Xm!<n|w5', NULL, '2016-06-17 17:21:39', '2016-06-17 17:21:39', 0, 'Guy', 'Satterfield', '209-216-6294', 3, NULL),
(41, 'kilback.mitchell', 'tgoyette@mertz.biz', '%Iw8].w', NULL, '2016-06-17 17:21:39', '2016-06-17 17:21:39', 0, 'Ulices', 'Nitzsche', '532.460.7759', 4, NULL),
(42, 'rigoberto.trantow', 'duncan54@gmail.com', 'LlNUCU"H.lKi', NULL, '2016-06-17 17:21:39', '2016-06-17 17:21:39', 0, 'Norval', 'Considine', '449.827.1757', 5, NULL),
(43, 'zlind', 'ankunding.zion@hotmail.com', 'A9w}"%@HS(^7*PlTt1T', NULL, '2016-06-17 17:21:39', '2016-06-17 17:21:39', 0, 'Monte', 'Maggio', '1-436-667-8477', 6, NULL),
(44, 'cathrine94', 'monahan.naomi@price.net', '2&{fx5nSwW[r;P~O', NULL, '2016-06-17 17:21:39', '2016-06-17 17:21:39', 0, 'Jamil', 'Upton', '1-520-900-2770 x', 7, NULL),
(45, 'bonnie87', 'delbert14@hotmail.com', 'o07flF;\\k', NULL, '2016-06-17 17:21:39', '2016-06-17 17:21:39', 0, 'Axel', 'Roberts', '+1-623-734-5575', 8, NULL),
(46, 'fdare', 'tshields@hotmail.com', 'yo$blXlQ/L?1', NULL, '2016-06-17 17:21:39', '2016-06-17 17:21:39', 0, 'Caesar', 'Dibbert', '(558) 793-3696', 9, NULL),
(47, 'willis.schinner', 'lori.jacobs@gmail.com', '<j~t{N7Dk:5`I', NULL, '2016-06-17 17:21:39', '2016-06-17 17:21:39', 0, 'Marcus', 'Reynolds', '1-520-338-8664 x', 10, NULL),
(48, 'vsanford', 'ooconnell@bosco.com', 'D[`8UGD@03$7]#o"H@', NULL, '2016-06-17 17:21:39', '2016-06-17 17:21:39', 0, 'Robin', 'Wehner', '+1.790.588.1698', 11, NULL),
(49, 'domenick66', 'antoinette73@moore.com', 'D%nQ98', NULL, '2016-06-17 17:21:39', '2016-06-17 17:21:39', 0, 'Ryann', 'Zboncak', '(395) 495-5781 x', 12, NULL),
(50, 'zschmidt', 'shea.predovic@wisoky.com', '+^n#m+tx', NULL, '2016-06-17 17:21:40', '2016-06-17 17:21:40', 0, 'Toby', 'Zemlak', '1-884-998-8102 x', 1, NULL),
(51, 'morissette.america', 'gerlach.astrid@gmail.com', '0t3lCg', NULL, '2016-06-17 17:21:40', '2016-06-17 17:21:40', 0, 'Amparo', 'Green', '(978) 675-3508 x', 2, NULL),
(52, 'kkoepp', 'marquis57@waelchi.com', '`lG$K4sLfn:-Y&ElH55', NULL, '2016-06-17 17:21:40', '2016-06-17 17:21:40', 0, 'Presley', 'Hansen', '273.538.6290 x52', 3, NULL),
(53, 'akoelpin', 'eparisian@yahoo.com', '(~%.>q3|c', NULL, '2016-06-17 17:21:40', '2016-06-17 17:21:40', 0, 'Toni', 'Parisian', '426-546-1567 x67', 4, NULL),
(54, 'schaefer.laury', 'joy60@block.net', 'bvq9EF|5', NULL, '2016-06-17 17:21:40', '2016-06-17 17:21:40', 0, 'Josh', 'Harris', '+18589055201', 5, NULL),
(55, 'stehr.edgardo', 'chartmann@hotmail.com', 'jhgu>)bQSne7U', NULL, '2016-06-17 17:21:40', '2016-06-17 17:21:40', 0, 'Parker', 'Bauch', '864-999-7033', 6, NULL),
(56, 'rhyatt', 'terry.claud@hotmail.com', 'V6h,HD-T?M4G]', NULL, '2016-06-17 17:21:40', '2016-06-17 17:21:40', 0, 'Tevin', 'Beahan', '750.718.3346', 7, NULL),
(57, 'ktowne', 'icole@hotmail.com', 'J0@#u`=Oj>rs', NULL, '2016-06-17 17:21:40', '2016-06-17 17:21:40', 0, 'Gabe', 'Sanford', '1-821-293-2119', 8, NULL),
(58, 'zulauf.ashlynn', 'xfarrell@upton.com', 'AjHxmpG)8Hb"6`8R', NULL, '2016-06-17 17:21:40', '2016-06-17 17:21:40', 0, 'Nathanael', 'Kertzmann', '(731) 522-9837', 9, NULL),
(59, 'ekirlin', 'kelly.kozey@hotmail.com', 'nEcH{%=c$A/`~', NULL, '2016-06-17 17:21:40', '2016-06-17 17:21:40', 0, 'Hoyt', 'Green', '+1-961-300-9979', 10, NULL),
(60, 'weimann.danielle', 'wheathcote@hotmail.com', ';%=gxHn]x-|C}l', NULL, '2016-06-17 17:21:40', '2016-06-17 17:21:40', 0, 'Adrien', 'Botsford', '(938) 712-5379 x', 11, NULL),
(61, 'sienna.leuschke', 'qlangworth@gmail.com', '*b,''f!OzNa.', NULL, '2016-06-17 17:21:40', '2016-06-17 17:21:40', 0, 'Marques', 'Dietrich', '661-799-9729 x01', 12, NULL),
(62, 'kohler.luis', 'stroman.mohammed@gmail.com', 'M^NH(D+\\|3y*gOcL8N', NULL, '2016-06-17 17:21:40', '2016-06-17 17:21:40', 0, 'Ottis', 'Langosh', '1-396-612-1378 x', 1, NULL),
(63, 'arlo12', 'gayle.purdy@wisoky.info', 'O10y:,fVUlw>l', NULL, '2016-06-17 17:21:40', '2016-06-17 17:21:40', 0, 'Frederic', 'Hamill', '(907) 621-4552 x', 2, NULL),
(64, 'watsica.irwin', 'angelo35@ferry.com', 'jAb/s|oJQ^48CM', NULL, '2016-06-17 17:21:40', '2016-06-17 17:21:40', 0, 'Jose', 'Hermann', '1-880-590-9107 x', 3, NULL),
(65, 'yrunte', 'maryjane09@koss.com', ',iQr5{Em>_U~y<N]x=,|', NULL, '2016-06-17 17:21:40', '2016-06-17 17:21:40', 0, 'Russell', 'Bosco', '+1.567.562.2834', 4, NULL),
(66, 'bryana71', 'augustine.reichert@gmail.com', 'RXsod%}R', NULL, '2016-06-17 17:21:40', '2016-06-17 17:21:40', 0, 'Van', 'Moore', '869.830.3176 x16', 5, NULL),
(67, 'garland.cummerata', 'jratke@lockman.info', 'NX9w7+0=HU', NULL, '2016-06-17 17:21:40', '2016-06-17 17:21:40', 0, 'Jamil', 'Legros', '436.492.1286 x75', 6, NULL),
(68, 'timmy.bechtelar', 'syble78@gmail.com', 'oT9|G7|Fvw(m(drk7:]A', NULL, '2016-06-17 17:21:40', '2016-06-17 17:21:40', 0, 'Gust', 'Herman', '1-847-324-7090', 7, NULL),
(69, 'krystal09', 'zjones@yahoo.com', 'mBaxd''', NULL, '2016-06-17 17:21:40', '2016-06-17 17:21:40', 0, 'Damian', 'Herman', '1-458-676-8414 x', 8, NULL),
(70, 'cummings.dariana', 'sunny45@fahey.net', 'd0Uz8k.ETA^DC', NULL, '2016-06-17 17:21:41', '2016-06-17 17:21:41', 0, 'Raymond', 'VonRueden', '683-443-4712 x08', 9, NULL),
(71, 'hbahringer', 'lfritsch@gmail.com', 'IeTk?,Tp$9=kjc6u\\h', NULL, '2016-06-17 17:21:41', '2016-06-17 17:21:41', 0, 'Antwon', 'Labadie', '(731) 864-1676 x', 10, NULL),
(72, 'vparker', 'fannie41@lesch.com', 'j|g5@mI":BsF.xYaxL?', NULL, '2016-06-17 17:21:41', '2016-06-17 17:21:41', 0, 'Ernie', 'Russel', '+1 (389) 805-983', 11, NULL),
(73, 'myrtice.wisozk', 'jalen.powlowski@emard.com', 'n\\T"59xg', NULL, '2016-06-17 17:21:41', '2016-06-17 17:21:41', 0, 'Walker', 'Ullrich', '823-506-7759 x99', 12, NULL),
(74, 'donato.waelchi', 'marvin.randall@franecki.com', '>[Q:c+,=B=Rp*Gi', NULL, '2016-06-17 17:21:41', '2016-06-17 17:21:41', 0, 'Orion', 'Hessel', '(586) 850-3869 x', 1, NULL),
(75, 'winnifred88', 'yvonrueden@schmidt.org', 's:VmdrU3UyM', NULL, '2016-06-17 17:21:41', '2016-06-17 17:21:41', 0, 'Tony', 'Murazik', '1-679-516-5559 x', 2, NULL),
(76, 'karli69', 'okon.raina@gmail.com', 'lTI+l}TrD?.D$^v*/', NULL, '2016-06-17 17:21:41', '2016-06-17 17:21:41', 0, 'Alfredo', 'Weissnat', '1-230-790-1049 x', 3, NULL),
(77, 'tre.stracke', 'lafayette35@gmail.com', 'XXvzALF|;N=At$S/\\8', NULL, '2016-06-17 17:21:41', '2016-06-17 17:21:41', 0, 'Gabriel', 'Langworth', '(549) 988-3138', 4, NULL),
(78, 'magdalena.hoppe', 'maye74@hotmail.com', 'Bi.zW.', NULL, '2016-06-17 17:21:41', '2016-06-17 17:21:41', 0, 'Emery', 'Wiza', '424.287.0216 x04', 5, NULL),
(79, 'ulises.batz', 'kschroeder@sipes.com', 'Sf#M-^', NULL, '2016-06-17 17:21:41', '2016-06-17 17:21:41', 0, 'Gavin', 'Wisozk', '885.477.7867', 6, NULL),
(80, 'eboyer', 'ford61@gmail.com', 'g--cX^&D4u(6', NULL, '2016-06-17 17:21:41', '2016-06-17 17:21:41', 0, 'Ray', 'Sipes', '1-914-861-4661 x', 7, NULL),
(81, 'zprosacco', 'parisian.micah@weissnat.com', 'Paf-f[IVu8;5rY,&AFo', NULL, '2016-06-17 17:21:41', '2016-06-17 17:21:41', 0, 'Lula', 'Langworth', '601-447-4241 x09', 8, NULL),
(82, 'lhowell', 'lbahringer@hotmail.com', '''''g''$x.hhJY=8', NULL, '2016-06-17 17:21:41', '2016-06-17 17:21:41', 0, 'Cleve', 'Zieme', '471.724.2932', 9, NULL),
(83, 'ohyatt', 'donald.bergnaum@gmail.com', 'AUXMn"x?{a~', NULL, '2016-06-17 17:21:41', '2016-06-17 17:21:41', 0, 'Ignatius', 'Borer', '(696) 803-7681', 10, NULL),
(84, 'hailey39', 'dicki.ova@yahoo.com', ':nvbvMr#', NULL, '2016-06-17 17:21:41', '2016-06-17 17:21:41', 0, 'Jean', 'Waters', '(852) 754-4793', 11, NULL),
(85, 'dkohler', 'brooks.okon@brekke.info', 'V5.4Vw6-Qm', NULL, '2016-06-17 17:21:41', '2016-06-17 17:21:41', 0, 'Kennedy', 'Gusikowski', '(461) 850-4210', 12, NULL),
(86, 'wstamm', 'noe.medhurst@fadel.net', 'W<rMO7_<', NULL, '2016-06-17 17:21:41', '2016-06-17 17:21:41', 0, 'Luther', 'Boyle', '1-258-258-9140', 1, NULL),
(87, 'mfritsch', 'ansel44@yahoo.com', 'I$Zht3O@_%+@:U', NULL, '2016-06-17 17:21:41', '2016-06-17 17:21:41', 0, 'Jakob', 'Wintheiser', '360.710.1246 x15', 2, NULL),
(88, 'clementina49', 'westley74@yahoo.com', '2<t2|UBt:X~6"+}3_w)', NULL, '2016-06-17 17:21:42', '2016-06-17 17:21:42', 0, 'Fermin', 'Williamson', '841-802-8885', 3, NULL),
(89, 'vernon.waters', 'fwelch@hotmail.com', '0fPQ-=3Rt}DoYUWt2sJc', NULL, '2016-06-17 17:21:42', '2016-06-17 17:21:42', 0, 'Wilton', 'O''Connell', '+1 (381) 751-573', 4, NULL),
(90, 'stan99', 'donnelly.enrico@feeney.com', '8Kw*6t', NULL, '2016-06-17 17:21:42', '2016-06-17 17:21:42', 0, 'Jarred', 'Wiza', '(546) 957-8534 x', 5, NULL),
(91, 'thelma.reichel', 'labadie.emie@considine.info', '\\5O\\z<oM', NULL, '2016-06-17 17:21:42', '2016-06-17 17:21:42', 0, 'Pablo', 'Becker', '687-263-9524', 6, NULL),
(92, 'elinor.jakubowski', 'mquigley@franecki.org', 'GxWh7H&p-S_+YJ`', NULL, '2016-06-17 17:21:42', '2016-06-17 17:21:42', 0, 'Amari', 'Kautzer', '+14273695225', 7, NULL),
(93, 'parker.emilio', 'crist.treva@hotmail.com', 'QXudNcPEi~{!K', NULL, '2016-06-17 17:21:42', '2016-06-17 17:21:42', 0, 'Quentin', 'Lockman', '510.627.8405 x75', 8, NULL),
(94, 'virginie59', 'carolina04@fritsch.com', 'p-U0tLH=T1l44^Quu>J@', NULL, '2016-06-17 17:21:42', '2016-06-17 17:21:42', 0, 'Lamont', 'Goyette', '312-484-3270 x40', 9, NULL),
(95, 'ivah59', 'herzog.vesta@hotmail.com', 'zRn3''<jtUt', NULL, '2016-06-17 17:21:42', '2016-06-17 17:21:42', 0, 'Douglas', 'Greenholt', '(687) 423-1736', 10, NULL),
(96, 'stanton.rosendo', 'henriette59@torphy.info', 'txI=_nX~:$G^@', NULL, '2016-06-17 17:21:42', '2016-06-17 17:21:42', 0, 'Rodrick', 'Ferry', '(884) 680-8111', 11, NULL),
(97, 'bosco.colby', 'domenica.russel@oconner.biz', 'A20k&_sPgB1Csm', NULL, '2016-06-17 17:21:42', '2016-06-17 17:21:42', 0, 'Mavis', 'Lind', '735-261-3329 x78', 12, NULL),
(98, 'fannie.casper', 'qkeebler@cruickshank.com', '7T1P.pUH-', NULL, '2016-06-17 17:21:42', '2016-06-17 17:21:42', 0, 'Dominic', 'Bergnaum', '+1.554.758.2771', 1, NULL),
(99, 'ansel44', 'karelle.batz@schuster.org', '.hnnO_+', NULL, '2016-06-17 17:21:42', '2016-06-17 17:21:42', 0, 'Aurelio', 'Reynolds', '948-217-1804', 2, NULL),
(100, 'zborer', 'mtromp@gmail.com', '$vnI2Cl', NULL, '2016-06-17 17:21:42', '2016-06-17 17:21:42', 0, 'Milford', 'Olson', '+1-442-303-4042', 3, NULL),
(101, 'qcrist', 'rowe.onie@gmail.com', '>Rm0X7~s`', NULL, '2016-06-17 17:21:42', '2016-06-17 17:21:42', 0, 'Arvel', 'Rau', '687.434.9815', 4, NULL),
(102, 'dhermiston', 'cmann@yahoo.com', ')4JD};%)e0*Ek%]&KO/', NULL, '2016-06-17 17:21:42', '2016-06-17 17:21:42', 0, 'Lavern', 'Schinner', '+1-984-989-7215', 5, NULL),
(103, 'iferry', 'amira41@yahoo.com', 'W44+U!<s!^!W4', NULL, '2016-06-17 17:21:42', '2016-06-17 17:21:42', 0, 'Dusty', 'Waters', '1-365-954-5720 x', 6, NULL),
(104, 'lyundt', 'houston28@hermann.info', '%2''AGC]t>', NULL, '2016-06-17 17:21:42', '2016-06-17 17:21:42', 0, 'Alexander', 'Reilly', '+1-745-845-3513', 7, NULL),
(105, 'weimann.yvonne', 'heidi56@hotmail.com', '^<$btm>|L,b/X)Dim', NULL, '2016-06-17 17:21:43', '2016-06-17 17:21:43', 0, 'Brendon', 'Wintheiser', '1-873-554-7616 x', 8, NULL),
(106, 'satterfield.kenna', 'bins.myrtis@hudson.com', 'FI+h.C%l6\\)xG;P4eZG', NULL, '2016-06-17 17:21:43', '2016-06-17 17:21:43', 0, 'Juvenal', 'Hackett', '354-496-7000', 9, NULL),
(107, 'hauck.javier', 'klarkin@yahoo.com', 'Nj0x!v+P|b5<3]z', NULL, '2016-06-17 17:21:43', '2016-06-17 17:21:43', 0, 'Braulio', 'White', '(251) 671-6169', 10, NULL),
(108, 'gutmann.fleta', 'bernadine89@gmail.com', '^VI?:~Ehx+', NULL, '2016-06-17 17:21:43', '2016-06-17 17:21:43', 0, 'Sigurd', 'Kiehn', '(994) 515-4722', 11, NULL),
(109, 'antonietta.considine', 'qschimmel@hotmail.com', '^n5b8zacMU''K''m', NULL, '2016-06-17 17:21:43', '2016-06-17 17:21:43', 0, 'Adolphus', 'Fay', '+19897179062', 12, NULL),
(110, 'irau', 'pacocha.bart@satterfield.info', '.x9krAZO', NULL, '2016-06-17 17:21:43', '2016-06-17 17:21:43', 0, 'Aiden', 'Purdy', '624.708.3176', 1, NULL),
(111, 'sterling.zboncak', 'lucinda.huel@heaney.com', '5riYReFCtb0', NULL, '2016-06-17 17:21:43', '2016-06-17 17:21:43', 0, 'Cletus', 'Kulas', '694-881-8603', 2, NULL),
(112, 'fernser', 'aryanna70@labadie.info', 'oGWHFY?H]F*', NULL, '2016-06-17 17:21:43', '2016-06-17 17:21:43', 0, 'Jordon', 'Gutkowski', '+1-315-835-9712', 3, NULL),
(113, 'vstreich', 'caleb70@langworth.com', '~)NhvnXMsW7', NULL, '2016-06-17 17:21:43', '2016-06-17 17:21:43', 0, 'Kristofer', 'Heaney', '474-428-2568 x90', 4, NULL),
(114, 'grace26', 'connie74@kreiger.biz', 'ZbzDszN*y,}8KY"r6fkV', NULL, '2016-06-17 17:21:43', '2016-06-17 17:21:43', 0, 'Clement', 'Graham', '914.282.5702 x44', 5, NULL),
(115, 'bednar.kelley', 'pharris@hotmail.com', '4Zx*C{5d!~&76!%sCZAk', NULL, '2016-06-17 17:21:43', '2016-06-17 17:21:43', 0, 'Jermey', 'Franecki', '664-765-9663', 6, NULL),
(116, 'eleanore.shields', 'jan.durgan@yahoo.com', '55?(XY9`iuUTe?YDIm', NULL, '2016-06-17 17:21:43', '2016-06-17 17:21:43', 0, 'Javon', 'Beier', '+1-929-467-9334', 7, NULL),
(117, 'yboyer', 'gust.block@gmail.com', 'GYc~roCi$8-', NULL, '2016-06-17 17:21:43', '2016-06-17 17:21:43', 0, 'Jett', 'Fisher', '+1.678.929.6483', 8, NULL),
(118, 'schuppe.faye', 'bernita61@heathcote.com', '>Vqke\\|''`W[%DuN4PT', NULL, '2016-06-17 17:21:43', '2016-06-17 17:21:43', 0, 'Manley', 'Jast', '+16014806673', 9, NULL),
(119, 'zechariah.jerde', 'spowlowski@mccullough.com', '4Mz6Tg', NULL, '2016-06-17 17:21:43', '2016-06-17 17:21:43', 0, 'Fletcher', 'Keeling', '1-283-671-7100 x', 10, NULL),
(120, 'anne26', 'vdonnelly@gmail.com', 'gg''?b2EcP', NULL, '2016-06-17 17:21:43', '2016-06-17 17:21:43', 0, 'Mariano', 'Macejkovic', '1-658-477-2142 x', 11, NULL),
(121, 'xzavier20', 'jazmin.lueilwitz@harris.com', ',GhiJ84)c', NULL, '2016-06-17 17:21:43', '2016-06-17 17:21:43', 0, 'Granville', 'Purdy', '848.908.8404', 12, NULL),
(122, 'harber.ethel', 'ledner.frank@gmail.com', 'Q<51Sd%NGJ^VsY', NULL, '2016-06-17 17:21:43', '2016-06-17 17:21:43', 0, 'Jerrold', 'Pouros', '1-885-942-8154 x', 1, NULL),
(123, 'wilkinson.lura', 'rosemarie.okon@carroll.com', '0aH"5%Q', NULL, '2016-06-17 17:21:44', '2016-06-17 17:21:44', 0, 'Cody', 'Renner', '(414) 444-4537 x', 2, NULL),
(124, 'jameson.boyer', 'njaskolski@hotmail.com', 'XJ(JcP\\[=?m2_UlwjI<', NULL, '2016-06-17 17:21:44', '2016-06-17 17:21:44', 0, 'Major', 'Champlin', '+1-942-700-5662', 3, NULL),
(125, 'caitlyn.cormier', 'alexis.gulgowski@wunsch.com', 'wj,+WRD+]S', NULL, '2016-06-17 17:21:44', '2016-06-17 17:21:44', 0, 'Elton', 'Klein', '1-668-328-8081 x', 4, NULL),
(126, 'preinger', 'mckenzie.janelle@swaniawski.biz', '^V~a;}w2]l"|(2<p', NULL, '2016-06-17 17:21:44', '2016-06-17 17:21:44', 0, 'Jeramy', 'Dach', '(303) 721-5122 x', 5, NULL),
(127, 'jacques.cummerata', 'joy.ward@oberbrunner.com', 'z?ZPBKDmjx#G', NULL, '2016-06-17 17:21:44', '2016-06-17 17:21:44', 0, 'Samson', 'Tremblay', '759-730-6735', 6, NULL),
(128, 'arden11', 'ohyatt@gmail.com', ']"\\f&RDKh!ku{TU', NULL, '2016-06-17 17:21:44', '2016-06-17 17:21:44', 0, 'Maxwell', 'Nader', '350.761.8960', 7, NULL),
(129, 'wisoky.maximo', 'nikolaus.luz@yahoo.com', '@5-Y"|O]sROS', NULL, '2016-06-17 17:21:44', '2016-06-17 17:21:44', 0, 'Desmond', 'Tromp', '619.433.9234', 8, NULL),
(130, 'stiedemann.kayleigh', 'afahey@moore.com', ',h=VemwQH]k#(z2', NULL, '2016-06-17 17:21:44', '2016-06-17 17:21:44', 0, 'Tobin', 'Bergstrom', '1-382-367-2919 x', 9, NULL),
(131, 'wilton.reichel', 'bayer.alia@gmail.com', '0SY|[>;fHRnZ', NULL, '2016-06-17 17:21:44', '2016-06-17 17:21:44', 0, 'Harley', 'Simonis', '653-541-1083 x51', 10, NULL),
(132, 'hziemann', 'mertz.laisha@lockman.com', 'Eq}X<[r.GM+_Q', NULL, '2016-06-17 17:21:44', '2016-06-17 17:21:44', 0, 'Chadd', 'Hayes', '1-931-981-3640', 11, NULL),
(133, 'lkuhic', 'alvis.lebsack@doyle.org', '@p&fG+[', NULL, '2016-06-17 17:21:44', '2016-06-17 17:21:44', 0, 'Buddy', 'Herman', '702.291.3977', 12, NULL),
(134, 'marcel.bernier', 'reilly.emiliano@hotmail.com', '$}''FJu<B-', NULL, '2016-06-17 17:21:44', '2016-06-17 17:21:44', 0, 'Jamaal', 'Bernier', '347-770-1626', 1, NULL),
(135, 'nwilliamson', 'travis28@streich.com', '#3$_n{~UAma.E=Vd](\\4', NULL, '2016-06-17 17:21:44', '2016-06-17 17:21:44', 0, 'Berry', 'Thompson', '(991) 949-8939', 2, NULL),
(136, 'haleigh16', 'omayer@gmail.com', '-Zje5@~48H.z{x=}3', NULL, '2016-06-17 17:21:44', '2016-06-17 17:21:44', 0, 'Bradford', 'Wuckert', '+1 (793) 306-529', 3, NULL),
(137, 'cole.julian', 'howe.elias@heaney.net', 'Wu}4erp&(mC[je', NULL, '2016-06-17 17:21:44', '2016-06-17 17:21:44', 0, 'Israel', 'Dare', '287.986.1904 x60', 4, NULL),
(138, 'demarcus15', 'ethyl.jaskolski@jenkins.org', 'eMNPIw;G%', NULL, '2016-06-17 17:21:44', '2016-06-17 17:21:44', 0, 'Edgar', 'Frami', '1-884-623-6703', 5, NULL),
(139, 'charlotte10', 'dickens.ivah@reilly.net', 'Fj6qureq&kO"R,g', NULL, '2016-06-17 17:21:44', '2016-06-17 17:21:44', 0, 'Lewis', 'Pfeffer', '1-495-710-4892', 6, NULL),
(140, 'schulist.adrain', 'quentin.jerde@sporer.info', 'U06t;%s5nBkMeLP7', NULL, '2016-06-17 17:21:44', '2016-06-17 17:21:44', 0, 'Randi', 'Harber', '339-249-7493', 7, NULL),
(141, 'leffler.demario', 'jlang@hotmail.com', 'KxL7h:r+', NULL, '2016-06-17 17:21:44', '2016-06-17 17:21:44', 0, 'Kieran', 'Hilpert', '476-608-1685 x06', 8, NULL),
(142, 'ulices.cummings', 'cwillms@satterfield.com', 'jSI;:Dx', NULL, '2016-06-17 17:21:45', '2016-06-17 17:21:45', 0, 'Eleazar', 'Towne', '(621) 635-4927', 9, NULL),
(143, 'noe.eichmann', 'dohara@gmail.com', '$&_@_HW\\3UEK\\^8,fH>"', NULL, '2016-06-17 17:21:45', '2016-06-17 17:21:45', 0, 'Sebastian', 'Kuhn', '1-440-428-4603 x', 10, NULL),
(144, 'welch.rozella', 'clovis.schinner@yahoo.com', '#*\\&0oLn3OV', NULL, '2016-06-17 17:21:45', '2016-06-17 17:21:45', 0, 'Alexandre', 'Tillman', '(494) 624-2262 x', 11, NULL),
(145, 'champlin.amya', 'dach.ally@hotmail.com', 'C\\3O''FM$Envd>@!2dId', NULL, '2016-06-17 17:21:45', '2016-06-17 17:21:45', 0, 'Oliver', 'Herman', '437-840-4652 x19', 12, NULL),
(146, 'reinger.mervin', 'petra.kuhn@yahoo.com', 'l^r(&)xi9[w@&t`YS', NULL, '2016-06-17 17:21:45', '2016-06-17 17:21:45', 0, 'Santa', 'Senger', '323-748-9971 x09', 1, NULL),
(147, 'gabrielle52', 'lowe.samson@hotmail.com', '",6q,?O', NULL, '2016-06-17 17:21:45', '2016-06-17 17:21:45', 0, 'Dameon', 'Gislason', '(871) 878-9529 x', 2, NULL),
(148, 'betty.parker', 'myrtle63@barrows.info', 'eTDQVq', NULL, '2016-06-17 17:21:45', '2016-06-17 17:21:45', 0, 'Collin', 'Roob', '(420) 300-4421', 3, NULL),
(149, 'bulah28', 'ithompson@gmail.com', '[qfDwCwHd[', NULL, '2016-06-17 17:21:45', '2016-06-17 17:21:45', 0, 'Enid', 'Spinka', '502.510.3124 x43', 4, NULL),
(150, 'edwardo.bradtke', 'weber.charlotte@yahoo.com', '7t^,:?_d>~y|N\\x', NULL, '2016-06-17 17:21:45', '2016-06-17 17:21:45', 0, 'Benedict', 'Bogisich', '(371) 746-3449 x', 5, NULL),
(151, 'iledner', 'jerrod98@brown.com', 'MyI>:}h.c}>1]J', NULL, '2016-06-17 17:21:45', '2016-06-17 17:21:45', 0, 'Alejandrin', 'Goldner', '(856) 220-8193 x', 6, NULL),
(152, 'lzboncak', 'polly18@hotmail.com', 'w>n5juLVXfM{9IV', NULL, '2016-06-17 17:21:45', '2016-06-17 17:21:45', 0, 'Gideon', 'Mann', '1-248-592-2466 x', 7, NULL),
(153, 'inienow', 'onie.mertz@corwin.org', 'oGwRobc[//-2Jjex', NULL, '2016-06-17 17:21:45', '2016-06-17 17:21:45', 0, 'Coty', 'Pacocha', '(501) 820-0764 x', 8, NULL),
(154, 'avonrueden', 'dannie.jakubowski@hyatt.com', 'OvVD|LOdE]7R2eN6', NULL, '2016-06-17 17:21:45', '2016-06-17 17:21:45', 0, 'Ubaldo', 'Dibbert', '+1-854-803-6077', 9, NULL),
(155, 'paula88', 'yharber@bernhard.com', '8}}sQPg', NULL, '2016-06-17 17:21:45', '2016-06-17 17:21:45', 0, 'Maynard', 'Goldner', '+13932415790', 10, NULL),
(156, 'josiane10', 'dgoodwin@hotmail.com', 'b}h/j&_]by', NULL, '2016-06-17 17:21:45', '2016-06-17 17:21:45', 0, 'Lorenza', 'Bartell', '+1 (475) 239-340', 11, NULL),
(157, 'jacobi.levi', 'dare.lloyd@shanahan.com', '`"yDbrIL9', NULL, '2016-06-17 17:21:45', '2016-06-17 17:21:45', 0, 'Harold', 'Christiansen', '1-990-253-8762 x', 12, NULL),
(158, 'stevie.walter', 'susanna.nikolaus@renner.com', '40>^~9]$', NULL, '2016-06-17 17:21:45', '2016-06-17 17:21:45', 0, 'Noe', 'Gleason', '646-794-0811 x97', 1, NULL),
(159, 'retta26', 'sydney.predovic@denesik.com', 'itN7MyUouao|u<-9', NULL, '2016-06-17 17:21:45', '2016-06-17 17:21:45', 0, 'Albin', 'Hyatt', '(280) 544-9124 x', 2, NULL),
(160, 'drake90', 'trath@cummings.com', 'KM.ZC}', NULL, '2016-06-17 17:21:45', '2016-06-17 17:21:45', 0, 'Deon', 'Reichel', '439-409-6219 x14', 3, NULL),
(161, 'christine00', 'bettye.heller@hotmail.com', 'Vp|''hG%zQ=8uuRy', NULL, '2016-06-17 17:21:46', '2016-06-17 17:21:46', 0, 'Dominic', 'Cartwright', '581.625.7439', 4, NULL),
(162, 'armand.mertz', 'mellie.marquardt@flatley.com', 'Rt`@8nPFkG:''Vw;4[/5', NULL, '2016-06-17 17:21:46', '2016-06-17 17:21:46', 0, 'Skylar', 'Wiza', '(467) 239-7080', 5, NULL),
(163, 'stanford13', 'hegmann.roberto@schultz.org', 'y5M9K#\\oR>HO~', NULL, '2016-06-17 17:21:46', '2016-06-17 17:21:46', 0, 'Uriel', 'Mayer', '467-941-3294 x48', 6, NULL),
(164, 'lucas.bayer', 'christy.marks@yahoo.com', 'y\\A4{&3V-:{w-S', NULL, '2016-06-17 17:21:46', '2016-06-17 17:21:46', 0, 'Luther', 'Maggio', '1-875-557-0512', 7, NULL),
(165, 'dana09', 'kris.pierre@barrows.com', 'ekAVqDb#', NULL, '2016-06-17 17:21:46', '2016-06-17 17:21:46', 0, 'Russell', 'Mann', '576.278.0070 x09', 8, NULL),
(166, 'schroeder.carolyne', 'mazie.renner@yahoo.com', 'd)l(NYQEj=z', NULL, '2016-06-17 17:21:46', '2016-06-17 17:21:46', 0, 'Sigurd', 'Weimann', '1-915-394-3631 x', 9, NULL),
(167, 'vlemke', 'brisa.corwin@hotmail.com', '2sw~%DnjRhB[', NULL, '2016-06-17 17:21:46', '2016-06-17 17:21:46', 0, 'Waldo', 'Hansen', '896-593-3261 x62', 10, NULL),
(168, 'tkunze', 'ludie.conroy@hotmail.com', '''eC*yw#6', NULL, '2016-06-17 17:21:46', '2016-06-17 17:21:46', 0, 'Rhett', 'Romaguera', '538-561-0085 x57', 11, NULL),
(169, 'zwiza', 'peter.runolfsdottir@weissnat.com', '<Gqz@*PaH$y70|wz(', NULL, '2016-06-17 17:21:46', '2016-06-17 17:21:46', 0, 'Mason', 'Kiehn', '502.512.0125 x04', 12, NULL);

--
-- Indexes for dumped tables
--

--
-- Indexes for table `organizations`
--
ALTER TABLE `organizations`
  ADD PRIMARY KEY (`id`);

--
-- Indexes for table `password_resets`
--
ALTER TABLE `password_resets`
  ADD KEY `password_resets_email_index` (`email`),
  ADD KEY `password_resets_token_index` (`token`);

--
-- Indexes for table `project13s`
--
ALTER TABLE `project13s`
  ADD PRIMARY KEY (`id`);

--
-- Indexes for table `roles`
--
ALTER TABLE `roles`
  ADD PRIMARY KEY (`id`);

--
-- Indexes for table `settings`
--
ALTER TABLE `settings`
  ADD PRIMARY KEY (`id`);

--
-- Indexes for table `users`
--
ALTER TABLE `users`
  ADD PRIMARY KEY (`id`),
  ADD UNIQUE KEY `users_email_unique` (`email`),
  ADD KEY `users_organization_id_foreign` (`organization_id`),
  ADD KEY `role_id` (`role_id`);

--
-- AUTO_INCREMENT for dumped tables
--

--
-- AUTO_INCREMENT for table `organizations`
--
ALTER TABLE `organizations`
  MODIFY `id` int(10) UNSIGNED NOT NULL AUTO_INCREMENT, AUTO_INCREMENT=13;
--
-- AUTO_INCREMENT for table `project13s`
--
ALTER TABLE `project13s`
  MODIFY `id` int(10) UNSIGNED NOT NULL AUTO_INCREMENT;
--
-- AUTO_INCREMENT for table `roles`
--
ALTER TABLE `roles`
  MODIFY `id` int(10) UNSIGNED NOT NULL AUTO_INCREMENT, AUTO_INCREMENT=7;
--
-- AUTO_INCREMENT for table `settings`
--
ALTER TABLE `settings`
  MODIFY `id` int(10) UNSIGNED NOT NULL AUTO_INCREMENT, AUTO_INCREMENT=2;
--
-- AUTO_INCREMENT for table `users`
--
ALTER TABLE `users`
  MODIFY `id` int(10) UNSIGNED NOT NULL AUTO_INCREMENT, AUTO_INCREMENT=170;
--
-- Constraints for dumped tables
--

--
-- Constraints for table `users`
--
ALTER TABLE `users`
  ADD CONSTRAINT `users_organization_id_foreign` FOREIGN KEY (`organization_id`) REFERENCES `organizations` (`id`),
  ADD CONSTRAINT `users_role_id_foreign` FOREIGN KEY (`role_id`) REFERENCES `roles` (`id`);

/*!40101 SET CHARACTER_SET_CLIENT=@OLD_CHARACTER_SET_CLIENT */;
/*!40101 SET CHARACTER_SET_RESULTS=@OLD_CHARACTER_SET_RESULTS */;
/*!40101 SET COLLATION_CONNECTION=@OLD_COLLATION_CONNECTION */;
